repo,branch,alias
https://github.com/euclidianAce/BetterLua.vim/,,
https://github.com/vim-scripts/BufOnly.vim/,,
https://github.com/jackMort/ChatGPT.nvim/,,
https://github.com/chrisbra/CheckAttach/,,
https://github.com/vim-scripts/Colour-Sampler-Pack/,,
https://github.com/CopilotC-Nvim/CopilotChat.nvim/,,
https://github.com/whonore/Coqtail/,,
https://github.com/vim-scripts/DoxygenToolkit.vim/,,
https://github.com/numToStr/FTerm.nvim/,,
https://github.com/antoinemadec/FixCursorHold.nvim/,,
https://github.com/vim-scripts/Improved-AnsiEsc/,,
https://github.com/ionide/Ionide-vim/,,
https://github.com/martinda/Jenkinsfile-vim-syntax/,,
https://github.com/vigoux/LanguageTool.nvim/,,
https://github.com/LazyVim/LazyVim/,,
https://github.com/Yggdroot/LeaderF/,,
https://github.com/molleweide/LuaSnip-snippets.nvim/,,
https://github.com/Valloric/MatchTagAlways/,,
https://github.com/numToStr/Navigator.nvim/,,
https://github.com/overcache/NeoSolarized/,,
https://github.com/GCBallesteros/NotebookNavigator.nvim/,,
https://github.com/chrisbra/NrrwRgn/,,
https://github.com/vim-scripts/PreserveNoEOL/,,
https://github.com/henriklovhaug/Preview.nvim/,,
https://github.com/yssl/QFEnter/,,
https://github.com/chrisbra/Recover.vim/,,
https://github.com/vim-scripts/Rename/,,
https://github.com/vim-scripts/ReplaceWithRegister/,,
https://github.com/b0o/SchemaStore.nvim/,,
https://github.com/sunjon/Shade.nvim/,,
https://github.com/vim-scripts/ShowMultiBase/,,
https://github.com/tmhedberg/SimpylFold/,,
https://github.com/vim-scripts/SmartCase/,,
https://github.com/jaredgorski/SpaceCamp/,,
https://github.com/chrisbra/SudoEdit.vim/,,
https://github.com/hsitz/VimOrganizer/,,
https://github.com/VundleVim/Vundle.vim/,,
https://github.com/esneider/YUNOcommit.vim/,,
https://github.com/vim-scripts/YankRing.vim/,,
https://github.com/ycm-core/YouCompleteMe/,,
https://github.com/vim-scripts/a.vim/,,
https://github.com/mileszs/ack.vim/,,
https://github.com/eikenb/acp/,,
https://github.com/aznhe21/actions-preview.nvim/,,
https://github.com/aaronhallaert/advanced-git-search.nvim/,,
https://github.com/Mofiqul/adwaita.nvim/,,
https://github.com/stevearc/aerial.nvim/,,
https://github.com/Numkil/ag.nvim/,,
https://github.com/derekelkins/agda-vim/,,
https://github.com/emmanueltouzery/agitator.nvim/,,
https://github.com/aduros/ai.vim/,,
https://github.com/joshuavial/aider.nvim/,,
https://github.com/slashmili/alchemist.vim/,,
https://github.com/dense-analysis/ale/,,
https://github.com/vim-scripts/align/,,
https://github.com/Vonr/align.nvim/,,
https://github.com/goolord/alpha-nvim/,,
https://github.com/anuvyklack/animation.nvim/,,
https://github.com/Olical/aniseed/,,
https://github.com/pearofducks/ansible-vim/,,
https://github.com/ckarnell/antonys-macro-repeater/,,
https://github.com/solarnz/arcanist.vim/,,
https://github.com/vim-scripts/argtextobj.vim/,,
https://github.com/otavioschwanck/arrow.nvim/,,
https://github.com/AstroNvim/astrocore/,,
https://github.com/AstroNvim/astrolsp/,,
https://github.com/AstroNvim/astrotheme/,,
https://github.com/AstroNvim/astroui/,,
https://github.com/prabirshrestha/async.vim/,,
https://github.com/prabirshrestha/asyncomplete-buffer.vim/,,
https://github.com/prabirshrestha/asyncomplete-file.vim/,,
https://github.com/prabirshrestha/asyncomplete-lsp.vim/,,
https://github.com/prabirshrestha/asyncomplete-omni.vim/,,
https://github.com/prabirshrestha/asyncomplete-tags.vim/,,
https://github.com/prabirshrestha/asyncomplete-ultisnips.vim/,,
https://github.com/prabirshrestha/asyncomplete.vim/,,
https://github.com/skywind3000/asyncrun.vim/,,
https://github.com/skywind3000/asynctasks.vim/,,
https://github.com/vmchale/ats-vim/,,
https://github.com/augmentcode/augment.vim/,,
https://github.com/ray-x/aurora/,,
https://github.com/hotwatermorning/auto-git-diff/,,
https://github.com/asiryk/auto-hlsearch.nvim/,,
https://github.com/jiangmiao/auto-pairs/,,
https://github.com/okuuva/auto-save.nvim/,,
https://github.com/rmagatti/auto-session/,,
https://github.com/m4xshen/autoclose.nvim/,,
https://github.com/gaoDean/autolist.nvim/,,
https://github.com/vim-scripts/autoload_cscope.vim/,,
https://github.com/nullishamy/autosave.nvim/,,
https://github.com/ActivityWatch/aw-watcher-vim/,,
https://github.com/rafi/awesome-vim-colorschemes/,,
https://github.com/AhmedAbdulrahman/aylin.vim/,,
https://github.com/ayu-theme/ayu-vim/,,
https://github.com/taybart/b64.nvim/,,
https://github.com/m00qek/baleia.nvim/,,
https://github.com/ribru17/bamboo.nvim/,,
https://github.com/romgrk/barbar.nvim/,,
https://github.com/utilyre/barbecue.nvim/,,
https://github.com/RRethy/base16-nvim/,,
https://github.com/chriskempson/base16-vim/,,
https://github.com/nvchad/base46/,,
https://github.com/jamespwilliams/bat.vim/,,
https://github.com/vim-scripts/bats.vim/,,
https://github.com/rbgrouleff/bclose.vim/,,
https://github.com/max397574/better-escape.nvim/,,
https://github.com/LunarVim/bigfile.nvim/,,
https://github.com/APZelos/blamer.nvim/,,
https://github.com/giuxtaposition/blink-cmp-copilot/,,
https://github.com/Kaiser-Yang/blink-cmp-dictionary/,,
https://github.com/Kaiser-Yang/blink-cmp-git/,,
https://github.com/ribru17/blink-cmp-spell/,,
https://github.com/fang2hou/blink-copilot/,,
https://github.com/moyiz/blink-emoji.nvim/,,
https://github.com/mikavilpas/blink-ripgrep.nvim/,,
https://github.com/Saghen/blink.compat/,,
https://github.com/HampusHauffman/block.nvim/,,
https://github.com/blueballs-theme/blueballs-neovim/,,
https://github.com/uloco/bluloco.nvim/,,
https://github.com/rockerBOO/boo-colorscheme-nvim/,,
https://github.com/nat-418/boole.nvim/,,
https://github.com/turbio/bracey.vim/,,
https://github.com/fruit-in/brainfuck-vim/,,
https://github.com/famiu/bufdelete.nvim/,,
https://github.com/jlanzarotta/bufexplorer/,,
https://github.com/AndrewRadev/bufferize.vim/,,
https://github.com/akinsho/bufferline.nvim/,,
https://github.com/kwkarlwang/bufjump.nvim/,,
https://github.com/kwkarlwang/bufresize.nvim/,,
https://github.com/bullets-vim/bullets.vim/,,
https://github.com/itchyny/calendar.vim/,,
https://github.com/bkad/camelcasemotion/,,
https://github.com/catppuccin/nvim/,,catppuccin-nvim
https://github.com/catppuccin/vim/,,catppuccin-vim
https://github.com/tyru/caw.vim/,,
https://github.com/uga-rosa/ccc.nvim/,,
https://github.com/Eandrju/cellular-automaton.nvim/,,
https://github.com/ms-jpq/chadtree/,,
https://github.com/vim-scripts/changeColorScheme.vim/,,
https://github.com/sudormrfbin/cheatsheet.nvim/,,
https://github.com/yunlingz/ci_dark/,,
https://github.com/declancm/cinnamon.nvim/,,
https://github.com/projekt0n/circles.nvim/,,
https://github.com/zootedb0t/citruszest.nvim/,,
https://github.com/xavierd/clang_complete/,,
https://github.com/rhysd/clever-f.vim/,,
https://github.com/bbchung/clighter8/,,
https://github.com/ekickx/clipboard-image.nvim/,,
https://github.com/laytan/cloak.nvim/,,
https://github.com/asheq/close-buffers.vim/,,
https://github.com/Civitasv/cmake-tools.nvim/,,
https://github.com/winston0410/cmd-parser.nvim/,,
https://github.com/tzachar/cmp-ai/,,
https://github.com/crispgm/cmp-beancount/,,
https://github.com/hrsh7th/cmp-buffer/,,
https://github.com/hrsh7th/cmp-calc/,,
https://github.com/vappolinario/cmp-clippy/,,
https://github.com/hrsh7th/cmp-cmdline/,,
https://github.com/dmitmel/cmp-cmdline-history/,,
https://github.com/PaterJason/cmp-conjure/,,
https://github.com/davidsierradz/cmp-conventionalcommits/,,
https://github.com/hrsh7th/cmp-copilot/,,
https://github.com/delphinus/cmp-ctags/,,
https://github.com/rcarriga/cmp-dap/,,
https://github.com/uga-rosa/cmp-dictionary/,,
https://github.com/dmitmel/cmp-digraphs/,,
https://github.com/hrsh7th/cmp-emoji/,,
https://github.com/mtoohey31/cmp-fish/,,
https://github.com/tzachar/cmp-fuzzy-buffer/,,
https://github.com/tzachar/cmp-fuzzy-path/,,
https://github.com/petertriho/cmp-git/,,
https://github.com/max397574/cmp-greek/,,
https://github.com/kdheepak/cmp-latex-symbols/,,
https://github.com/octaltree/cmp-look/,,
https://github.com/notomo/cmp-neosnippet/,,
https://github.com/GaetanLepage/cmp-nixpkgs-maintainers/,,
https://github.com/David-Kunz/cmp-npm/,,
https://github.com/hrsh7th/cmp-nvim-lsp/,,
https://github.com/hrsh7th/cmp-nvim-lsp-document-symbol/,,
https://github.com/hrsh7th/cmp-nvim-lsp-signature-help/,,
https://github.com/hrsh7th/cmp-nvim-lua/,,
https://github.com/quangnguyen30192/cmp-nvim-tags/,,
https://github.com/quangnguyen30192/cmp-nvim-ultisnips/,,
https://github.com/hrsh7th/cmp-omni/,,
https://github.com/jc-doyle/cmp-pandoc-references/,,
https://github.com/aspeddro/cmp-pandoc.nvim/,,
https://github.com/hrsh7th/cmp-path/,,
https://github.com/lukas-reineke/cmp-rg/,,
https://github.com/dcampos/cmp-snippy/,,
https://github.com/f3fora/cmp-spell/,,
https://github.com/nzlov/cmp-tabby/,,
https://github.com/tzachar/cmp-tabnine/,,
https://github.com/andersevenrud/cmp-tmux/,,
https://github.com/ray-x/cmp-treesitter/,,
https://github.com/lukas-reineke/cmp-under-comparator/,,
https://github.com/dmitmel/cmp-vim-lsp/,,
https://github.com/micangl/cmp-vimtex/,,
https://github.com/pontusk/cmp-vimwiki-tags/,,
https://github.com/hrsh7th/cmp-vsnip/,,
https://github.com/tamago324/cmp-zsh/,,
https://github.com/saadparwaiz1/cmp_luasnip/,,
https://github.com/chrisgrieser/cmp_yanky/,,
https://github.com/lalitmee/cobalt2.nvim/,,
https://github.com/vn-ki/coc-clap/,,
https://github.com/neoclide/coc-denite/,,
https://github.com/antoinemadec/coc-fzf/,,
https://github.com/josa42/coc-lua/,,
https://github.com/neoclide/coc-neco/,,
https://github.com/coc-extensions/coc-svelte/,,
https://github.com/iamcco/coc-tailwindcss/,,
https://github.com/neoclide/coc.nvim/,release,
https://github.com/manicmaniac/coconut.vim/,,
https://github.com/olimorris/codecompanion.nvim/,,
https://github.com/Exafunction/codeium.nvim/,,
https://github.com/Exafunction/codeium.vim/,,
https://github.com/gorbit99/codewindow.nvim/,,
https://github.com/metakirby5/codi.vim/,,
https://github.com/tjdevries/colorbuddy.nvim/,,
https://github.com/xzbdmw/colorful-menu.nvim/,,
https://github.com/lilydjwg/colorizer/,,
https://github.com/Domeee/com.cloudedmountain.ide.neovim/,,
https://github.com/wincent/command-t/,,
https://github.com/LudoPinelli/comment-box.nvim/,,
https://github.com/numtostr/comment.nvim/,,
https://github.com/rhysd/committia.vim/,,
https://github.com/xeluxee/competitest.nvim/,,
https://github.com/krady21/compiler-explorer.nvim/,,
https://github.com/Zeioth/compiler.nvim/,,
https://github.com/steelsojka/completion-buffers/,,
https://github.com/nvim-lua/completion-nvim/,,
https://github.com/aca/completion-tabnine/,,
https://github.com/nvim-treesitter/completion-treesitter/,,
https://github.com/chikatoike/concealedyank.vim/,,
https://github.com/rhysd/conflict-marker.vim/,,
https://github.com/stevearc/conform.nvim/,,
https://github.com/Olical/conjure/,,
https://github.com/wellle/context.vim/,,
https://github.com/Shougo/context_filetype.vim/,,
https://github.com/zbirenbaum/copilot-cmp/,,
https://github.com/AndreM222/copilot-lualine/,,
https://github.com/zbirenbaum/copilot.lua/,,
https://github.com/github/copilot.vim/,,
https://github.com/tomtomjhj/coq-lsp.nvim/,,
https://github.com/ms-jpq/coq.artifacts/,,
https://github.com/ms-jpq/coq.thirdparty/,,
https://github.com/jvoorhis/coq.vim/,,
https://github.com/ms-jpq/coq_nvim/,,
https://github.com/agda/cornelis/,,
https://github.com/lfilho/cosco.vim/,,
https://github.com/nixprime/cpsm/,,
https://github.com/saecki/crates.nvim/,,
https://github.com/godlygeek/csapprox/,,
https://github.com/Decodetalkers/csharpls-extended-lsp.nvim/,,
https://github.com/davidmh/cspell.nvim/,,
https://github.com/chrisbra/csv.vim/,,
https://github.com/hat0uma/csvview.nvim/,,
https://github.com/netmute/ctags-lsp.nvim/,,
https://github.com/JazzCore/ctrlp-cmatcher/,,
https://github.com/FelikZ/ctrlp-py-matcher/,,
https://github.com/amiorin/ctrlp-z/,,
https://github.com/ctrlpvim/ctrlp.vim/,,
https://github.com/scottmckendry/cyberdream.nvim/,,
https://github.com/ptdewey/darkearth-nvim/,,
https://github.com/dart-lang/dart-vim-plugin/,,
https://github.com/rizzatti/dash.vim/,,
https://github.com/nvimdev/dashboard-nvim/,,
https://github.com/Shougo/ddc-filter-matcher_head/,,
https://github.com/Shougo/ddc-filter-sorter_rank/,,
https://github.com/tani/ddc-fuzzy/,,
https://github.com/Shougo/ddc-source-around/,,
https://github.com/LumaKernel/ddc-source-file/,,
https://github.com/Shougo/ddc-source-lsp/,,
https://github.com/Shougo/ddc-ui-native/,,
https://github.com/Shougo/ddc-ui-pum/,,
https://github.com/Shougo/ddc.vim/,,
https://github.com/andrewferrier/debugprint.nvim/,,
https://github.com/Verf/deepwhite.nvim/,,
https://github.com/kristijanhusak/defx-git/,,
https://github.com/kristijanhusak/defx-icons/,,
https://github.com/Shougo/defx.nvim/,,
https://github.com/Raimondi/delimitMate/,,
https://github.com/neoclide/denite-extra/,,
https://github.com/neoclide/denite-git/,,
https://github.com/Shougo/denite.nvim/,,
https://github.com/vim-denops/denops.vim/,,
https://github.com/Shougo/deol.nvim/,,
https://github.com/deoplete-plugins/deoplete-clang/,,
https://github.com/deoplete-plugins/deoplete-dictionary/,,
https://github.com/ponko2/deoplete-fish/,,
https://github.com/SevereOverfl0w/deoplete-github/,,
https://github.com/deoplete-plugins/deoplete-go/,,
https://github.com/Inazuma110/deoplete-greek/,,
https://github.com/deoplete-plugins/deoplete-jedi/,,
https://github.com/JuliaEditorSupport/deoplete-julia/,,
https://github.com/nicoe/deoplete-khard/,,
https://github.com/deoplete-plugins/deoplete-lsp/,,
https://github.com/Valodim/deoplete-notmuch/,,
https://github.com/kristijanhusak/deoplete-phpactor/,,
https://github.com/sebastianmarkow/deoplete-rust/,,
https://github.com/tbodt/deoplete-tabnine/,,
https://github.com/carlitux/deoplete-ternjs/,,
https://github.com/lighttiger2505/deoplete-vim-lsp/,,
https://github.com/deoplete-plugins/deoplete-zsh/,,
https://github.com/Shougo/deoplete.nvim/,,
https://github.com/rhysd/devdocs.vim/,,
https://github.com/vmchale/dhall-vim/,,
https://github.com/onsails/diaglist.nvim/,,
https://github.com/nvim-lua/diagnostic-nvim/,,
https://github.com/3rd/diagram.nvim/,,
https://github.com/monaqa/dial.nvim/,,
https://github.com/sindrets/diffview.nvim/,,
https://github.com/elihunter173/dirbuf.nvim/,,
https://github.com/direnv/direnv.vim/,,
https://github.com/chipsenkbeil/distant.nvim/,,
https://github.com/doki-theme/doki-theme-vim/,,
https://github.com/NTBBloodbath/doom-one.nvim/,,
https://github.com/MoaidHathot/dotnet.nvim/,,
https://github.com/dracula/vim/,,dracula-vim
https://github.com/Mofiqul/dracula.nvim/,,
https://github.com/stevearc/dressing.nvim/,,
https://github.com/Bekaboo/dropbar.nvim/,,
https://github.com/earthly/earthly.vim/,,
https://github.com/GustavEikaas/easy-dotnet.nvim/,,
https://github.com/Shougo/echodoc.vim/,,
https://github.com/sainnhe/edge/,,
https://github.com/geldata/edgedb-vim/,,
https://github.com/folke/edgy.nvim/,,
https://github.com/editorconfig/editorconfig-vim/,,
https://github.com/gpanders/editorconfig.nvim/,,
https://github.com/creativenull/efmls-configs-nvim/,,
https://github.com/elixir-tools/elixir-tools.nvim/,,
https://github.com/elmcast/elm-vim/,,
https://github.com/dmix/elvish.vim/,,
https://github.com/embark-theme/vim/,,embark-vim
https://github.com/mattn/emmet-vim/,,
https://github.com/vim-scripts/emodeline/,,
https://github.com/vim-scripts/errormarker.vim/,,
https://github.com/hachy/eva01.vim/,,
https://github.com/sainnhe/everforest/,,
https://github.com/google/executor.nvim/,,
https://github.com/jinh0/eyeliner.nvim/,,
https://github.com/fenetikm/falcon/,,
https://github.com/brooth/far.vim/,,
https://github.com/Chaitanyabsprip/fastaction.nvim/,,
https://github.com/pteroctopus/faster.nvim/,,
https://github.com/konfekt/fastfold/,,
https://github.com/madskjeldgaard/faust-nvim/,,
https://github.com/lilydjwg/fcitx.vim/,fcitx5,
https://github.com/bakpakin/fennel.vim/,,
https://github.com/wincent/ferret/,,
https://github.com/bogado/file-line/,,
https://github.com/lewis6991/fileline.nvim/,,
https://github.com/glacambre/firenvim/,,
https://github.com/andviro/flake8-vim/,,
https://github.com/folke/flash.nvim/,,
https://github.com/willothy/flatten.nvim/,,
https://github.com/felipeagc/fleet-theme-nvim/,,
https://github.com/ggandor/flit.nvim/,,
https://github.com/ncm2/float-preview.nvim/,,
https://github.com/liangxianzhe/floating-input.nvim/,,
https://github.com/floobits/floobits-neovim/,,
https://github.com/nvim-flutter/flutter-tools.nvim/,,
https://github.com/nvim-focus/focus.nvim/,,
https://github.com/anuvyklack/fold-preview.nvim/,,
https://github.com/jghauser/follow-md-links.nvim/,,
https://github.com/mhartington/formatter.nvim/,,
https://github.com/megaannum/forms/,,
https://github.com/rubiin/fortune.nvim/,,
https://github.com/rafamadriz/friendly-snippets/,,
https://github.com/raghur/fruzzy/,,
https://github.com/SuperBo/fugit2.nvim/,,
https://github.com/shumphrey/fugitive-gitlab.vim/,,
https://github.com/BeneCollyridam/futhark-vim/,,
https://github.com/tzachar/fuzzy.nvim/,,
https://github.com/rktjmp/fwatch.nvim/,,
https://github.com/stsewd/fzf-checkout.vim/,,
https://github.com/monkoose/fzf-hoogle.vim/,,
https://github.com/gfanto/fzf-lsp.nvim/,,
https://github.com/junegunn/fzf.vim/,,
https://github.com/NTBBloodbath/galaxyline.nvim/,,
https://github.com/gbprod/nord.nvim/,,gbprod-nord
https://github.com/jsfaint/gen_tags.vim/,,
https://github.com/gentoo/gentoo-syntax/,,
https://github.com/ndmitchell/ghcid/,,
https://github.com/eagletmt/ghcmod-vim/,,
https://github.com/f-person/git-blame.nvim/,,
https://github.com/akinsho/git-conflict.nvim/,,
https://github.com/rhysd/git-messenger.vim/,,
https://github.com/mikesmithgh/git-prompt-string-lualine.nvim/,,
https://github.com/ThePrimeagen/git-worktree.nvim/,,
https://github.com/projekt0n/github-nvim-theme/,,
https://github.com/wintermute-cell/gitignore.nvim/,,
https://github.com/vim-scripts/gitignore.vim/,,
https://github.com/ruifm/gitlinker.nvim/,,
https://github.com/gregsexton/gitv/,,
https://github.com/DNLHC/glance.nvim/,,
https://github.com/gleam-lang/gleam.vim/,,
https://github.com/ellisonleao/glow.nvim/,,
https://github.com/ray-x/go.nvim/,,
https://github.com/p00f/godbolt.nvim/,,
https://github.com/roman/golden-ratio/,,
https://github.com/buoto/gotests-vim/,,
https://github.com/rmagatti/goto-preview/,,
https://github.com/junegunn/goyo.vim/,,
https://github.com/brymer-meneses/grammar-guard.nvim/,,
https://github.com/liuchengxu/graphviz.vim/,,
https://github.com/cbochs/grapple.nvim/,,
https://github.com/blazkowolf/gruber-darker.nvim/,,
https://github.com/MagicDuck/grug-far.nvim/,,
https://github.com/morhetz/gruvbox/,,
https://github.com/luisiacc/gruvbox-baby/,,
https://github.com/gruvbox-community/gruvbox/,,gruvbox-community
https://github.com/eddyekofo94/gruvbox-flat.nvim/,,
https://github.com/sainnhe/gruvbox-material/,,
https://github.com/f4z3r/gruvbox-material.nvim/,,
https://github.com/ellisonleao/gruvbox.nvim/,,
https://github.com/nvimdev/guard-collection/,,
https://github.com/nvimdev/guard.nvim/,,
https://github.com/nmac427/guess-indent.nvim/,,
https://github.com/sjl/gundo.vim/,,
https://github.com/junegunn/gv.vim/,,
https://github.com/chrishrb/gx.nvim/,,
https://github.com/TheSnakeWitcher/hardhat.nvim/,,
https://github.com/m4xshen/hardtime.nvim/,,
https://github.com/ThePrimeagen/harpoon/,master,
https://github.com/ThePrimeagen/harpoon/,harpoon2,harpoon2
https://github.com/kiyoon/haskell-scope-highlighting.nvim/,,
https://github.com/mrcjkb/haskell-snippets.nvim/,,
https://github.com/neovimhaskell/haskell-vim/,,
https://github.com/wenzel-hoffman/haskell-with-unicode.vim/,,
https://github.com/travitch/hasksyn/,,
https://github.com/lukas-reineke/headlines.nvim/,,
https://github.com/rebelot/heirline.nvim/,,
https://github.com/OXY2DEV/helpview.nvim/,,
https://github.com/RaafatTurki/hex.nvim/,,
https://github.com/Yggdroot/hiPairs/,,
https://github.com/tzachar/highlight-undo.nvim/,,
https://github.com/pimalaya/himalaya-vim/,,
https://github.com/shellRaining/hlchunk.nvim/,,
https://github.com/mpickering/hlint-refactor-vim/,,
https://github.com/calops/hmts.nvim/,,
https://github.com/edluffy/hologram.nvim/,,
https://github.com/urbit/hoon.vim/,,
https://github.com/smoka7/hop.nvim/,,
https://github.com/rktjmp/hotpot.nvim/,,
https://github.com/lewis6991/hover.nvim/,,
https://github.com/othree/html5.vim/,,
https://github.com/julienvincent/hunk.nvim/,,
https://github.com/nvimtools/hydra.nvim/,,
https://github.com/mboughaba/i3config.vim/,,
https://github.com/cocopon/iceberg.vim/,,
https://github.com/idris-hackers/idris-vim/,,
https://github.com/idris-community/idris2-nvim/,,
https://github.com/edwinb/idris2-vim/,,
https://github.com/HakonHarnes/img-clip.nvim/,,
https://github.com/lewis6991/impatient.nvim/,,
https://github.com/backdround/improved-search.nvim/,,
https://github.com/smjonas/inc-rename.nvim/,,
https://github.com/nishigori/increment-activator/,,
https://github.com/haya14busa/incsearch-easymotion.vim/,,
https://github.com/haya14busa/incsearch.vim/,,
https://github.com/lukas-reineke/indent-blankline.nvim/,,
https://github.com/Darazaki/indent-o-matic/,,
https://github.com/Yggdroot/indentLine/,,
https://github.com/ciaranm/inkpot/,,
https://github.com/jbyuki/instant.nvim/,,
https://github.com/pta2002/intellitab.nvim/,,
https://github.com/parsonsmatt/intero-neovim/,,
https://github.com/keith/investigate.vim/,,
https://github.com/neutaaaaan/iosvkem/,,
https://github.com/twerth/ir_black/,,
https://github.com/Vigemus/iron.nvim/,,
https://github.com/haya14busa/is.vim/,,
https://github.com/vim-scripts/jdaddy.vim/,,
https://github.com/davidhalter/jedi-vim/,,
https://github.com/metalelf0/jellybeans-nvim/,,
https://github.com/nanotech/jellybeans.vim/,,
https://github.com/HiPhish/jinja.vim/,,
https://github.com/vito-c/jq.vim/,,
https://github.com/neoclide/jsonc.vim/,,
https://github.com/Myzel394/jsonfly.nvim/,,
https://github.com/JuliaEditorSupport/julia-vim/,,
https://github.com/GCBallesteros/jupytext.nvim/,,
https://github.com/rebelot/kanagawa.nvim/,,
https://github.com/imsnif/kdl.vim/,,
https://github.com/anuvyklack/keymap-layer.nvim/,,
https://github.com/kmonad/kmonad-vim/,,
https://github.com/frabjous/knap/,,
https://github.com/b3nj5m1n/kommentary/,,
https://github.com/udalov/kotlin-vim/,,
https://github.com/mistweaverco/kulala.nvim/,,
https://github.com/qnighy/lalrpop.vim/,,
https://github.com/Wansmer/langmapper.nvim/,,
https://github.com/sk1418/last256/,,
https://github.com/latex-box-team/latex-box/,,
https://github.com/dundalek/lazy-lsp.nvim/,,
https://github.com/folke/lazy.nvim/,,
https://github.com/folke/lazydev.nvim/,,
https://github.com/kdheepak/lazygit.nvim/,,
https://github.com/Julian/lean.nvim/,,
https://github.com/leanprover/lean.vim/,,
https://github.com/ggandor/leap-ast.nvim/,,
https://github.com/ggandor/leap.nvim/,,
https://github.com/kawre/leetcode.nvim/,,
https://github.com/mrjones2014/legendary.nvim/,,
https://github.com/camspiers/lens.vim/,,
https://github.com/thirtythreeforty/lessspace.vim/,,
https://github.com/cohama/lexima.vim/,,
https://github.com/ptzz/lf.vim/,,
https://github.com/LucHermitte/lh-brackets/,,
https://github.com/LucHermitte/lh-vim-lib/,,
https://github.com/maximbaz/lightline-ale/,,
https://github.com/mengelbrecht/lightline-bufferline/,,
https://github.com/shinchu/lightline-gruvbox.vim/,,
https://github.com/spywhere/lightline-lsp/,,
https://github.com/itchyny/lightline.vim/,,
https://github.com/ggandor/lightspeed.nvim/,,
https://github.com/junegunn/limelight.vim/,,
https://github.com/AndrewRadev/linediff.vim/,,
https://github.com/lf-lang/lingua-franca.vim/,,
https://github.com/tamago324/lir.nvim/,,
https://github.com/kkharji/lispdocs.nvim/,,
https://github.com/ldelossa/litee-calltree.nvim/,,
https://github.com/ldelossa/litee-filetree.nvim/,,
https://github.com/ldelossa/litee-symboltree.nvim/,,
https://github.com/ldelossa/litee.nvim/,,
https://github.com/smjonas/live-command.nvim/,,
https://github.com/ggml-org/llama.vim/,,
https://github.com/huggingface/llm.nvim/,,
https://github.com/folke/lsp-colors.nvim/,,
https://github.com/lukas-reineke/lsp-format.nvim/,,
https://github.com/lvimuser/lsp-inlayhints.nvim/,,
https://github.com/Issafalcon/lsp-overloads.nvim/,main,
https://github.com/ahmedkhalf/lsp-rooter.nvim/,,
https://github.com/nvim-lua/lsp-status.nvim/,,
https://github.com/VonHeikemen/lsp-zero.nvim/,v3.x,
https://github.com/nvim-lua/lsp_extensions.nvim/,,
https://github.com/ray-x/lsp_signature.nvim/,,
https://github.com/lspcontainers/lspcontainers.nvim/,,
https://github.com/deathbeam/lspecho.nvim/,,
https://github.com/onsails/lspkind.nvim/,,
https://github.com/nvimdev/lspsaga.nvim/,,
https://github.com/barreiroleo/ltex_extra.nvim/,,
https://github.com/nvim-java/lua-async/,,
https://github.com/arkav/lualine-lsp-progress/,,
https://github.com/evesdropper/luasnip-latex-snippets.nvim/,,
https://github.com/alvarosevilla95/luatab.nvim/,,
https://github.com/mkasa/lushtags/,,
https://github.com/Bilal2453/luvit-meta/,,
https://github.com/dccsillag/magma-nvim/,,
https://github.com/winston0410/mark-radar.nvim/,,
https://github.com/iamcco/markdown-preview.nvim/,,
https://github.com/tadmccorkle/markdown.nvim/,,
https://github.com/David-Kunz/markid/,,
https://github.com/chentoast/marks.nvim/,,
https://github.com/OXY2DEV/markview.nvim/,,
https://github.com/williamboman/mason-lspconfig.nvim/,,
https://github.com/jay-babu/mason-null-ls.nvim/,,
https://github.com/jay-babu/mason-nvim-dap.nvim/,,
https://github.com/WhoIsSethDaniel/mason-tool-installer.nvim/,,
https://github.com/williamboman/mason.nvim/,,
https://github.com/vim-scripts/matchit.zip/,,
https://github.com/marko-cerovac/material.nvim/,,
https://github.com/kaicataldo/material.vim/,,
https://github.com/mattn/calendar-vim/,,mattn-calendar-vim
https://github.com/vim-scripts/mayansmoke/,,
https://github.com/chikamichi/mediawiki.vim/,,
https://github.com/savq/melange-nvim/,,
https://github.com/lsig/messenger.nvim/,,
https://github.com/xero/miasma.nvim/,,
https://github.com/dasupradyumna/midnight.nvim/,,
https://github.com/hadronized/mind.nvim/,,
https://github.com/echasnovski/mini-git/,,
https://github.com/echasnovski/mini.ai/,,
https://github.com/echasnovski/mini.align/,,
https://github.com/echasnovski/mini.animate/,,
https://github.com/echasnovski/mini.base16/,,
https://github.com/echasnovski/mini.basics/,,
https://github.com/echasnovski/mini.bracketed/,,
https://github.com/echasnovski/mini.bufremove/,,
https://github.com/echasnovski/mini.clue/,,
https://github.com/echasnovski/mini.colors/,,
https://github.com/echasnovski/mini.comment/,,
https://github.com/echasnovski/mini.completion/,,
https://github.com/echasnovski/mini.cursorword/,,
https://github.com/echasnovski/mini.deps/,,
https://github.com/echasnovski/mini.diff/,,
https://github.com/echasnovski/mini.doc/,,
https://github.com/echasnovski/mini.extra/,,
https://github.com/echasnovski/mini.files/,,
https://github.com/echasnovski/mini.fuzzy/,,
https://github.com/echasnovski/mini.hipatterns/,,
https://github.com/echasnovski/mini.hues/,,
https://github.com/echasnovski/mini.icons/,,
https://github.com/echasnovski/mini.indentscope/,,
https://github.com/echasnovski/mini.jump/,,
https://github.com/echasnovski/mini.jump2d/,,
https://github.com/echasnovski/mini.map/,,
https://github.com/echasnovski/mini.misc/,,
https://github.com/echasnovski/mini.move/,,
https://github.com/echasnovski/mini.notify/,,
https://github.com/echasnovski/mini.nvim/,,
https://github.com/echasnovski/mini.operators/,,
https://github.com/echasnovski/mini.pairs/,,
https://github.com/echasnovski/mini.pick/,,
https://github.com/echasnovski/mini.sessions/,,
https://github.com/echasnovski/mini.snippets/,,
https://github.com/echasnovski/mini.splitjoin/,,
https://github.com/echasnovski/mini.starter/,,
https://github.com/echasnovski/mini.statusline/,,
https://github.com/echasnovski/mini.surround/,,
https://github.com/echasnovski/mini.tabline/,,
https://github.com/echasnovski/mini.test/,,
https://github.com/echasnovski/mini.trailspace/,,
https://github.com/echasnovski/mini.visits/,,
https://github.com/wfxr/minimap.vim/,,
https://github.com/milanglacier/minuet-ai.nvim/,,
https://github.com/jghauser/mkdir.nvim/,main,
https://github.com/jakewvincent/mkdnflow.nvim/,,
https://github.com/SidOfc/mkdx/,,
https://github.com/mawkler/modicator.nvim/,,
https://github.com/miikanissi/modus-themes.nvim/,,
https://github.com/tomasr/molokai/,,
https://github.com/benlubas/molten-nvim/,,
https://github.com/jackplus-xyz/monaspace.nvim/,,
https://github.com/loctvl842/monokai-pro.nvim/,,
https://github.com/leafo/moonscript-vim/,,
https://github.com/yegappan/mru/,,
https://github.com/smoka7/multicursors.nvim/,,
https://github.com/AckslD/muren.nvim/,,
https://github.com/jbyuki/nabla.nvim/,,
https://github.com/ncm2/ncm2/,,
https://github.com/ncm2/ncm2-bufword/,,
https://github.com/ncm2/ncm2-cssomni/,,
https://github.com/yuki-yano/ncm2-dictionary/,,
https://github.com/ncm2/ncm2-github/,,
https://github.com/ncm2/ncm2-html-subscope/,,
https://github.com/ncm2/ncm2-jedi/,,
https://github.com/ncm2/ncm2-markdown-subscope/,,
https://github.com/ncm2/ncm2-neoinclude/,,
https://github.com/ncm2/ncm2-neosnippet/,,
https://github.com/ncm2/ncm2-path/,,
https://github.com/ncm2/ncm2-syntax/,,
https://github.com/ncm2/ncm2-tagprefix/,,
https://github.com/ncm2/ncm2-tmux/,,
https://github.com/ncm2/ncm2-ultisnips/,,
https://github.com/ncm2/ncm2-vim/,,
https://github.com/eagletmt/neco-ghc/,,
https://github.com/ujihisa/neco-look/,,
https://github.com/Shougo/neco-syntax/,,
https://github.com/Shougo/neco-vim/,,
https://github.com/nvim-neo-tree/neo-tree.nvim/,,
https://github.com/Shougo/neocomplete.vim/,,
https://github.com/folke/neoconf.nvim/,,
https://github.com/IogaMaster/neocord/,main,
https://github.com/KeitaNakamura/neodark.vim/,,
https://github.com/folke/neodev.nvim/,,
https://github.com/sbdchd/neoformat/,,
https://github.com/danymat/neogen/,,
https://github.com/NeogitOrg/neogit/,,
https://github.com/Shougo/neoinclude.vim/,,
https://github.com/neomake/neomake/,,
https://github.com/Shougo/neomru.vim/,,
https://github.com/rafamadriz/neon/,,
https://github.com/ii14/neorepl.nvim/,,
https://github.com/nvim-neorg/neorg-telescope/,,
https://github.com/karb94/neoscroll.nvim/,,
https://github.com/Shougo/neosnippet-snippets/,,
https://github.com/Shougo/neosnippet.vim/,,
https://github.com/kassio/neoterm/,,
https://github.com/rcasia/neotest-bash/,,
https://github.com/sidlatau/neotest-dart/,,
https://github.com/MarkEmmons/neotest-deno/,,
https://github.com/Issafalcon/neotest-dotnet/,,
https://github.com/jfpedroza/neotest-elixir/,,
https://github.com/llllvvuu/neotest-foundry/,,
https://github.com/nvim-neotest/neotest-go/,,
https://github.com/fredrikaverpil/neotest-golang/,,
https://github.com/weilbith/neotest-gradle/,,
https://github.com/alfaix/neotest-gtest/,,
https://github.com/MrcJkb/neotest-haskell/,,
https://github.com/rcasia/neotest-java/,,
https://github.com/nvim-neotest/neotest-jest/,,
https://github.com/zidhuss/neotest-minitest/,,
https://github.com/theutz/neotest-pest/,,
https://github.com/olimorris/neotest-phpunit/,,
https://github.com/thenbe/neotest-playwright/,,
https://github.com/nvim-neotest/neotest-plenary/,,
https://github.com/nvim-neotest/neotest-python/,,
https://github.com/olimorris/neotest-rspec/,,
https://github.com/rouge8/neotest-rust/,,
https://github.com/stevanmilic/neotest-scala/,,
https://github.com/shunsambongi/neotest-testthat/,,
https://github.com/marilari88/neotest-vitest/,,
https://github.com/lawrence-laz/neotest-zig/,,
https://github.com/Shatur/neovim-ayu/,,
https://github.com/cloudhead/neovim-fuzzy/,,
https://github.com/jeffkreeftmeijer/neovim-sensible/,,
https://github.com/Shougo/neoyank.vim/,,
https://github.com/preservim/nerdcommenter/,,
https://github.com/preservim/nerdtree/,,
https://github.com/Xuyuanp/nerdtree-git-plugin/,,
https://github.com/2KAbhishek/nerdy.nvim/,,
https://github.com/miversen33/netman.nvim/,,
https://github.com/prichrd/netrw.nvim/,,
https://github.com/oberblastmeister/neuron.nvim/,,
https://github.com/fiatjaf/neuron.vim/,,
https://github.com/Olical/nfnl/,main,
https://github.com/chr4/nginx.vim/,,
https://github.com/oxfist/night-owl.nvim/,,
https://github.com/bluz71/vim-nightfly-colors/,,nightfly
https://github.com/EdenEast/nightfox.nvim/,,
https://github.com/Alexis12119/nightly.nvim/,,
https://github.com/zah/nim.vim/,,
https://github.com/figsoda/nix-develop.nvim/,,
https://github.com/tamago324/nlsp-settings.nvim/,main,
https://github.com/mcchrish/nnn.vim/,,
https://github.com/aktersnurra/no-clown-fiesta.nvim/,,
https://github.com/shortcuts/no-neck-pain.nvim/,,
https://github.com/kartikp10/noctis.nvim/,,
https://github.com/folke/noice.nvim/,,
https://github.com/nvimtools/none-ls.nvim/,,
https://github.com/nordtheme/vim/,,nord-vim
https://github.com/shaunsingh/nord.nvim/,,
https://github.com/andersevenrud/nordic.nvim/,,
https://github.com/vigoux/notifier.nvim/,,
https://github.com/jlesquembre/nterm.nvim/,,
https://github.com/jose-elias-alvarez/null-ls.nvim/,,
https://github.com/nacro90/numb.nvim/,,
https://github.com/nvchad/nvchad/,,
https://github.com/nvchad/ui/,,nvchad-ui
https://github.com/ChristianChiarulli/nvcode-color-schemes.vim/,,
https://github.com/AckslD/nvim-FeMaco.lua/,,
https://github.com/nathanmsmith/nvim-ale-diagnostic/,,
https://github.com/windwp/nvim-autopairs/,,
https://github.com/Canop/nvim-bacon/,,
https://github.com/code-biscuits/nvim-biscuits/,,
https://github.com/kevinhwang91/nvim-bqf/,,
https://github.com/ojroques/nvim-bufdel/,,
https://github.com/roxma/nvim-cm-racer/,,
https://github.com/weilbith/nvim-code-action-menu/,,
https://github.com/willothy/nvim-cokeline/,,
https://github.com/catgoose/nvim-colorizer.lua/,,
https://github.com/terrortylor/nvim-comment/,,
https://github.com/roxma/nvim-completion-manager/,,
https://github.com/klen/nvim-config-local/,,
https://github.com/andythigpen/nvim-coverage/,,
https://github.com/ya2s/nvim-cursorline/,,
https://github.com/mfussenegger/nvim-dap/,,
https://github.com/jedrzejboczar/nvim-dap-cortex-debug/,,
https://github.com/leoluz/nvim-dap-go/,,
https://github.com/julianolf/nvim-dap-lldb/,,
https://github.com/mfussenegger/nvim-dap-python/,,
https://github.com/rinx/nvim-dap-rego/,,
https://github.com/jonboh/nvim-dap-rr/,,
https://github.com/rcarriga/nvim-dap-ui/,,
https://github.com/theHamsta/nvim-dap-virtual-text/,,
https://github.com/amrbashir/nvim-docs-view/,,
https://github.com/allendang/nvim-expand-expr/,,
https://github.com/vijaymarupudi/nvim-fzf/,,
https://github.com/vijaymarupudi/nvim-fzf-commands/,,
https://github.com/sakhnik/nvim-gdb/,,
https://github.com/chrisgrieser/nvim-genghis/,,
https://github.com/booperlv/nvim-gomove/,,
https://github.com/smiteshp/nvim-gps/,,
https://github.com/brenoprata10/nvim-highlight-colors/,,
https://github.com/Iron-E/nvim-highlite/,,
https://github.com/kevinhwang91/nvim-hlslens/,,
https://github.com/neovimhaskell/nvim-hs.vim/,,
https://github.com/idanarye/nvim-impairative/,,
https://github.com/nvim-java/nvim-java/,,
https://github.com/nvim-java/nvim-java-core/,,
https://github.com/nvim-java/nvim-java-dap/,,
https://github.com/nvim-java/nvim-java-refactor/,,
https://github.com/nvim-java/nvim-java-test/,,
https://github.com/mfussenegger/nvim-jdtls/,,
https://github.com/gennaro-tedesco/nvim-jqx/,,
https://github.com/ethanholz/nvim-lastplace/,,
https://github.com/kosayoda/nvim-lightbulb/,,
https://github.com/josa42/nvim-lightline-lsp/,,
https://github.com/martineausimon/nvim-lilypond-suite/,,
https://github.com/mfussenegger/nvim-lint/,,
https://github.com/antosha417/nvim-lsp-file-operations/,,
https://github.com/mrded/nvim-lsp-notify/,,
https://github.com/jose-elias-alvarez/nvim-lsp-ts-utils/,,
https://github.com/neovim/nvim-lspconfig/,,
https://github.com/RishabhRD/nvim-lsputils/,,
https://github.com/sam4llis/nvim-lua-gf/,,
https://github.com/bfredl/nvim-luadev/,,
https://github.com/rafcamlet/nvim-luapad/,,
https://github.com/scalameta/nvim-metals/,,
https://github.com/gpanders/nvim-moonwalk/,,
https://github.com/SmiteshP/nvim-navbuddy/,,
https://github.com/smiteshp/nvim-navic/,,
https://github.com/AckslD/nvim-neoclip.lua/,,
https://github.com/ya2s/nvim-nonicons/,,
https://github.com/rcarriga/nvim-notify/,,
https://github.com/LhKipp/nvim-nu/,,
https://github.com/sitiom/nvim-numbertoggle/,,
https://github.com/ojroques/nvim-osc52/,,
https://github.com/julienvincent/nvim-paredit/,,
https://github.com/gpanders/nvim-parinfer/,,
https://github.com/gennaro-tedesco/nvim-peekup/,,
https://github.com/yorickpeterse/nvim-pqf/,,
https://github.com/jamestthompson3/nvim-remote-containers/,,
https://github.com/olrtg/nvim-rename-state/,,
https://github.com/chrisgrieser/nvim-rip-substitute/,,
https://github.com/chrisgrieser/nvim-scissors/,,
https://github.com/petertriho/nvim-scrollbar/,,
https://github.com/dstein64/nvim-scrollview/,,
https://github.com/s1n7ax/nvim-search-and-replace/,,
https://github.com/garymjr/nvim-snippets/,,
https://github.com/dcampos/nvim-snippy/,,
https://github.com/ishan9299/nvim-solarized-lua/,,
https://github.com/lucidph3nx/nvim-sops/,,
https://github.com/chrisgrieser/nvim-spider/,,
https://github.com/kylechui/nvim-surround/,main,
https://github.com/svermeulen/nvim-teal-maker/,,
https://github.com/norcalli/nvim-terminal.lua/,,
https://github.com/klen/nvim-test/,,
https://github.com/nvim-tree/nvim-tree.lua/,,
https://github.com/nvim-treesitter/nvim-treesitter/,,
https://github.com/nvim-treesitter/nvim-treesitter-context/,,
https://github.com/RRethy/nvim-treesitter-endwise/,,
https://github.com/theHamsta/nvim-treesitter-pairs/,,
https://github.com/eddiebergman/nvim-treesitter-pyfold/,,
https://github.com/nvim-treesitter/nvim-treesitter-refactor/,,
https://github.com/PaterJason/nvim-treesitter-sexp/,,
https://github.com/nvim-treesitter/nvim-treesitter-textobjects/,,
https://github.com/RRethy/nvim-treesitter-textsubjects/,,
https://github.com/AckslD/nvim-trevJ.lua/,,
https://github.com/windwp/nvim-ts-autotag/,,
https://github.com/joosepalviste/nvim-ts-context-commentstring/,,
https://github.com/kevinhwang91/nvim-ufo/,,
https://github.com/samjwill/nvim-unception/,,
https://github.com/chrisgrieser/nvim-various-textobjs/,,
https://github.com/AckslD/nvim-whichkey-setup.lua/,,
https://github.com/s1n7ax/nvim-window-picker/,,
https://github.com/roxma/nvim-yarp/,,
https://github.com/andersevenrud/nvim_context_vt/,,
https://github.com/neovim/nvimdev.nvim/,,
https://github.com/zbirenbaum/nvterm/,,
https://github.com/nvzone/menu/,,nvzone-menu
https://github.com/nvzone/minty/,,nvzone-minty
https://github.com/nvzone/typr/,,nvzone-typr
https://github.com/nvzone/volt/,,nvzone-volt
https://github.com/epwalsh/obsidian.nvim/,,
https://github.com/nvimdev/oceanic-material/,,
https://github.com/mhartington/oceanic-next/,,
https://github.com/pwntester/octo.nvim/,,
https://github.com/nomnivore/ollama.nvim/,,
https://github.com/yonlu/omni.vim/,,
https://github.com/Hoffs/omnisharp-extended-lsp.nvim/,,
https://github.com/Th3Whit3Wolf/one-nvim/,,
https://github.com/jbyuki/one-small-step-for-vimkind/,,
https://github.com/navarasu/onedark.nvim/,,
https://github.com/joshdick/onedark.vim/,,
https://github.com/LunarVim/onedarker.nvim/,,
https://github.com/olimorris/onedarkpro.nvim/,,
https://github.com/sonph/onehalf/,,
https://github.com/rmehri01/onenord.nvim/,main,
https://github.com/tyru/open-browser-github.vim/,,
https://github.com/tyru/open-browser.vim/,,
https://github.com/Almo7aya/openingh.nvim/,,
https://github.com/salkin-mada/openscad.nvim/,,
https://github.com/rgroli/other.nvim/,,
https://github.com/jmbuhr/otter.nvim/,,
https://github.com/hedyhli/outline.nvim/,,
https://github.com/stevearc/overseer.nvim/,,
https://github.com/nyoom-engineering/oxocarbon.nvim/,,
https://github.com/vuki656/package-info.nvim/,,
https://github.com/wbthomason/packer.nvim/,,
https://github.com/drewtempelmeyer/palenight.vim/,,
https://github.com/JoosepAlviste/palenightfall.nvim/,,
https://github.com/roobert/palette.nvim/,,
https://github.com/NLKNguyen/papercolor-theme/,,
https://github.com/dundalek/parpar.nvim/,,
https://github.com/tmsvg/pear-tree/,,
https://github.com/steelsojka/pears.nvim/,,
https://github.com/olimorris/persisted.nvim/,,
https://github.com/folke/persistence.nvim/,,
https://github.com/pest-parser/pest.vim/,,
https://github.com/lifepillar/pgsql.vim/,,
https://github.com/phha/zenburn.nvim/,,phha-zenburn
https://github.com/motus/pig.vim/,,
https://github.com/weirongxu/plantuml-previewer.vim/,,
https://github.com/aklt/plantuml-syntax/,,
https://github.com/nvim-treesitter/playground/,,
https://github.com/olivercederborg/poimandres.nvim/,,
https://github.com/epwalsh/pomo.nvim/,,
https://github.com/dleonard0/pony-vim-syntax/,,
https://github.com/RishabhRD/popfix/,,
https://github.com/nvim-lua/popup.nvim/,,
https://github.com/tris203/precognition.nvim/,,
https://github.com/andweeb/presence.nvim/,,
https://github.com/sotte/presenting.vim/,,
https://github.com/ewilazarus/preto/,,
https://github.com/anuvyklack/pretty-fold.nvim/,,
https://github.com/vim-scripts/prev_indent/,,
https://github.com/ahmedkhalf/project.nvim/,,
https://github.com/GnikDroy/projections.nvim/,,
https://github.com/kevinhwang91/promise-async/,,
https://github.com/frigoeu/psc-ide-vim/,,
https://github.com/Shougo/pum.vim/,,
https://github.com/shaunsingh/moonlight.nvim/,,pure-lua
https://github.com/purescript-contrib/purescript-vim/,,
https://github.com/python-mode/python-mode/,,
https://github.com/vim-python/python-syntax/,,
https://github.com/AlphaTechnolog/pywal.nvim/,,
https://github.com/codethread/qmk.nvim/,,
https://github.com/quarto-dev/quarto-nvim/,,
https://github.com/unblevable/quick-scope/,,
https://github.com/stevearc/quicker.nvim/,,
https://github.com/stefandtw/quickfix-reflector.vim/,,
https://github.com/dannyob/quickfixstatus/,,
https://github.com/jbyuki/quickmath.nvim/,,
https://github.com/luochen1990/rainbow/,,
https://github.com/kien/rainbow_parentheses.vim/,,
https://github.com/vim-scripts/random.vim/,,
https://github.com/winston0410/range-highlight.nvim/,,
https://github.com/kelly-lin/ranger.nvim/,,
https://github.com/rafaqz/ranger.vim/,,
https://github.com/vim-scripts/rcshell.vim/,,
https://github.com/ryvnf/readline.vim/,,
https://github.com/theprimeagen/refactoring.nvim/,,
https://github.com/tversteeg/registers.nvim/,,
https://github.com/vladdoster/remember.nvim/,,
https://github.com/amitds1997/remote-nvim.nvim/,,
https://github.com/nosduco/remote-sshfs.nvim/,,
https://github.com/filipdutescu/renamer.nvim/,,
https://github.com/MeanderingProgrammer/render-markdown.nvim/,,
https://github.com/gabrielpoca/replacer.nvim/,,
https://github.com/9seconds/repolink.nvim/,,
https://github.com/stevearc/resession.nvim/,,
https://github.com/vim-scripts/restore_view.vim/,,restore-view-vim
https://github.com/gu-fan/riv.vim/,,
https://github.com/kevinhwang91/rnvimr/,,
https://github.com/mfukar/robotframework-vim/,,
https://github.com/ron-rs/ron.vim/,,
https://github.com/rose-pine/neovim/,main,rose-pine
https://github.com/seblyng/roslyn.nvim/,,
https://github.com/keith/rspec.vim/,,
https://github.com/ccarpita/rtorrent-syntax-file/,,
https://github.com/simrat39/rust-tools.nvim/,,
https://github.com/rust-lang/rust.vim/,,
https://github.com/tris203/rzls.nvim/,,
https://github.com/hauleth/sad.vim/,,
https://github.com/vmware-archive/salt-vim/,,
https://github.com/samodostal/image.nvim/,,samodostal-image-nvim
https://github.com/lewis6991/satellite.nvim/,,
https://github.com/davidgranstrom/scnvim/,,
https://github.com/tiagovla/scope.nvim/,,
https://github.com/0xJohnnyboy/scretch.nvim/,,
https://github.com/Xuyuanp/scrollbar.nvim/,,
https://github.com/cakebaker/scss-syntax.vim/,,
https://github.com/VonHeikemen/searchbox.nvim/,,
https://github.com/RobertAudi/securemodelines/,,
https://github.com/megaannum/self/,,
https://github.com/jaxbot/semantic-highlight.vim/,,
https://github.com/numirias/semshi/,,
https://github.com/junegunn/seoul256.vim/,,
https://github.com/osyo-manga/shabadou.vim/,,
https://github.com/AndrewRadev/sideways.vim/,,
https://github.com/skim-rs/skim.vim/,,
https://github.com/mopp/sky-color-clock.vim/,,
https://github.com/kovisoft/slimv/,,
https://github.com/danielfalk/smart-open.nvim/,0.2.x,
https://github.com/mrjones2014/smart-splits.nvim/,,
https://github.com/m4xshen/smartcolumn.nvim/,,
https://github.com/gorkunov/smartpairs.vim/,,
https://github.com/ibhagwan/smartyank.nvim/,,
https://github.com/sphamba/smear-cursor.nvim/,,
https://github.com/folke/snacks.nvim/,,
https://github.com/camspiers/snap/,,
https://github.com/leath-dub/snipe.nvim/,,
https://github.com/norcalli/snippets.nvim/,,
https://github.com/shaunsingh/solarized.nvim/,,
https://github.com/sainnhe/sonokai/,,
https://github.com/sQVe/sort.nvim/,,
https://github.com/chikatoike/sourcemap.vim/,,
https://github.com/liuchengxu/space-vim/,,
https://github.com/FireIsGood/spaceman.nvim/,,
https://github.com/chrisgeo/sparkup/,,
https://github.com/cxwx/specs.nvim/,,
https://github.com/lewis6991/spellsitter.nvim/,,
https://github.com/stsewd/sphinx.nvim/,,
https://github.com/sjl/splice.vim/,,
https://github.com/vimlab/split-term.vim/,,
https://github.com/AndrewRadev/splitjoin.vim/,,
https://github.com/kkharji/sqlite.lua/,,
https://github.com/srcery-colors/srcery-vim/,,
https://github.com/chr4/sslsecure.vim/,,
https://github.com/cshuaimin/ssr.nvim/,,
https://github.com/luukvbaal/stabilize.nvim/,,
https://github.com/tamton-aquib/staline.nvim/,main,
https://github.com/eigenfoo/stan-vim/,,
https://github.com/josegamez82/starrynight/,,
https://github.com/darfink/starsearch.vim/,,
https://github.com/max397574/startup.nvim/,,
https://github.com/luukvbaal/statuscol.nvim/,,
https://github.com/arnamak/stay-centered.nvim/,,
https://github.com/folke/styler.nvim/,,
https://github.com/teto/stylish.nvim/,,
https://github.com/gbprod/substitute.nvim/,,
https://github.com/kvrohit/substrata.nvim/,,
https://github.com/supermaven-inc/supermaven-nvim/,,
https://github.com/ervandew/supertab/,,
https://github.com/ur4ltz/surround.nvim/,,
https://github.com/peterbjorgensen/sved/,,
https://github.com/jamespeapen/swayconfig.vim/,,
https://github.com/keith/swift.vim/,,
https://github.com/AndrewRadev/switch.vim/,,
https://github.com/simrat39/symbols-outline.nvim/,,
https://github.com/vim-syntastic/syntastic/,,
https://github.com/ziontee113/syntax-tree-surfer/,,
https://github.com/nanozuki/tabby.nvim/,,
https://github.com/kdheepak/tabline.nvim/,,
https://github.com/vim-scripts/tabmerge/,,
https://github.com/codota/tabnine-vim/,,
https://github.com/gcmt/taboo.vim/,,
https://github.com/abecodes/tabout.nvim/,,
https://github.com/Shougo/tabpagebuffer.vim/,,
https://github.com/godlygeek/tabular/,,
https://github.com/AndrewRadev/tagalong.vim/,,
https://github.com/preservim/tagbar/,,
https://github.com/vim-scripts/taglist.vim/,,
https://github.com/luckasRanarison/tailwind-tools.nvim/,,
https://github.com/themaxmarchuk/tailwindcss-colors.nvim/,,
https://github.com/wellle/targets.vim/,,
https://github.com/tools-life/taskwiki/,,
https://github.com/tomtom/tcomment_vim/,,
https://github.com/nvim-telekasten/telekasten.nvim/,,
https://github.com/GustavoKatel/telescope-asynctasks.nvim/,,
https://github.com/nvim-telescope/telescope-cheat.nvim/,,
https://github.com/fannheyward/telescope-coc.nvim/,,
https://github.com/nvim-telescope/telescope-dap.nvim/,,
https://github.com/xiyaowong/telescope-emoji.nvim/,,
https://github.com/nvim-telescope/telescope-file-browser.nvim/,,
https://github.com/nvim-telescope/telescope-frecency.nvim/,,
https://github.com/nvim-telescope/telescope-fzf-native.nvim/,,
https://github.com/nvim-telescope/telescope-fzf-writer.nvim/,,
https://github.com/nvim-telescope/telescope-fzy-native.nvim/,,
https://github.com/Snikimonkd/telescope-git-conflicts.nvim/,,
https://github.com/nvim-telescope/telescope-github.nvim/,,
https://github.com/alduraibi/telescope-glyph.nvim/,,
https://github.com/nvim-telescope/telescope-live-grep-args.nvim/,,
https://github.com/gbrlsnchs/telescope-lsp-handlers.nvim/,,
https://github.com/nvim-telescope/telescope-media-files.nvim/,,
https://github.com/nvim-telescope/telescope-project.nvim/,,
https://github.com/Marskey/telescope-sg/,,
https://github.com/nvim-telescope/telescope-smart-history.nvim/,,
https://github.com/nvim-telescope/telescope-symbols.nvim/,,
https://github.com/nvim-telescope/telescope-ui-select.nvim/,,
https://github.com/fhill2/telescope-ultisnips.nvim/,,
https://github.com/debugloop/telescope-undo.nvim/,,
https://github.com/tom-anders/telescope-vim-bookmarks.nvim/,,
https://github.com/nvim-telescope/telescope-z.nvim/,,
https://github.com/natecraddock/telescope-zf-native.nvim/,,
https://github.com/jvgrootveld/telescope-zoxide/,,
https://github.com/luc-tielen/telescope_hoogle/,,
https://github.com/joerdav/templ.vim/,,
https://github.com/axelvc/template-string.nvim/,,
https://github.com/jacoborus/tender.vim/,,
https://github.com/chomosuke/term-edit.nvim/,,
https://github.com/rebelot/terminal.nvim/,,
https://github.com/wincent/terminus/,,
https://github.com/oberblastmeister/termwrapper.nvim/,,
https://github.com/ternjs/tern_for_vim/,,
https://github.com/KeitaNakamura/tex-conceal.vim/,,
https://github.com/let-def/texpresso.vim/,,
https://github.com/johmsalas/text-case.nvim/,,
https://github.com/vhsconnect/themed-tabs.nvim/,,
https://github.com/ron89/thesaurus_query.vim/,,
https://github.com/itchyny/thumbnail.vim/,,
https://github.com/vim-scripts/timestamp.vim/,,
https://github.com/levouh/tint.nvim/,,
https://github.com/rachartier/tiny-devicons-auto-colors.nvim/,,
https://github.com/rachartier/tiny-inline-diagnostic.nvim/,,
https://github.com/tomtom/tinykeymap_vim/,,tinykeymap
https://github.com/tomtom/tlib_vim/,,
https://github.com/wellle/tmux-complete.vim/,,
https://github.com/aserowy/tmux.nvim/,,
https://github.com/edkolev/tmuxline.vim/,,
https://github.com/folke/todo-comments.nvim/,,
https://github.com/freitass/todo.txt-vim/,,
https://github.com/akinsho/toggleterm.nvim/,,
https://github.com/folke/tokyonight.nvim/,,
https://github.com/markonm/traces.vim/,,
https://github.com/tjdevries/train.nvim/,,
https://github.com/xiyaowong/transparent.nvim/,,
https://github.com/Wansmer/treesj/,main,
https://github.com/tremor-rs/tremor-vim/,,
https://github.com/cappyzawa/trim.nvim/,,
https://github.com/simonmclean/triptych.nvim/,,
https://github.com/folke/trouble.nvim/,,
https://github.com/Pocco81/true-zen.nvim/,,
https://github.com/tesaguri/trust.vim/,,
https://github.com/folke/ts-comments.nvim/,,
https://github.com/dmmulroy/tsc.nvim/,,
https://github.com/jgdavey/tslime.vim/,,
https://github.com/mtrajano/tssorter.nvim/,,
https://github.com/Quramy/tsuquyomi/,,
https://github.com/folke/twilight.nvim/,,
https://github.com/pmizio/typescript-tools.nvim/,,
https://github.com/leafgarland/typescript-vim/,,
https://github.com/jose-elias-alvarez/typescript.nvim/,,
https://github.com/MrPicklePinosaur/typst-conceal.vim/,,
https://github.com/chomosuke/typst-preview.nvim/,,
https://github.com/kaarmu/typst.vim/,,
https://github.com/altermo/ultimate-autopair.nvim/,,
https://github.com/SirVer/ultisnips/,,
https://github.com/mbbill/undotree/,,
https://github.com/chrisbra/unicode.vim/,,
https://github.com/tummetott/unimpaired.nvim/,,
https://github.com/unisonweb/unison/,,
https://github.com/Shougo/unite.vim/,,
https://github.com/sontungexpt/url-open/,,
https://github.com/axieax/urlview.nvim/,,
https://github.com/vim-scripts/utl.vim/,,
https://github.com/KabbAmine/vCoolor.vim/,,
https://github.com/junegunn/vader.vim/,,
https://github.com/jbyuki/venn.nvim/,,
https://github.com/vhda/verilog_systemverilog.vim/,,
https://github.com/vifm/vifm.vim/,,
https://github.com/Konfekt/vim-CtrlXA/,,
https://github.com/konfekt/vim-DetectSpellLang/,,
https://github.com/dpelle/vim-LanguageTool/,,
https://github.com/inkarkat/vim-ReplaceWithRegister/,,
https://github.com/inkarkat/vim-ReplaceWithSameIndentRegister/,,
https://github.com/inkarkat/vim-SyntaxRange/,,
https://github.com/tpope/vim-abolish/,,
https://github.com/MarcWeber/vim-addon-actions/,,
https://github.com/MarcWeber/vim-addon-async/,,
https://github.com/MarcWeber/vim-addon-background-cmd/,,
https://github.com/MarcWeber/vim-addon-commenting/,,
https://github.com/MarcWeber/vim-addon-completion/,,
https://github.com/MarcWeber/vim-addon-errorformats/,,
https://github.com/MarcWeber/vim-addon-goto-thing-at-cursor/,,
https://github.com/MarcWeber/vim-addon-local-vimrc/,,
https://github.com/MarcWeber/vim-addon-manager/,,
https://github.com/MarcWeber/vim-addon-mru/,,
https://github.com/MarcWeber/vim-addon-mw-utils/,,
https://github.com/MarcWeber/vim-addon-nix/,,
https://github.com/MarcWeber/vim-addon-other/,,
https://github.com/MarcWeber/vim-addon-php-manual/,,
https://github.com/MarcWeber/vim-addon-signs/,,
https://github.com/MarcWeber/vim-addon-sql/,,
https://github.com/MarcWeber/vim-addon-syntax-checker/,,
https://github.com/MarcWeber/vim-addon-toggle-buffer/,,
https://github.com/MarcWeber/vim-addon-xdebug/,,
https://github.com/inkarkat/vim-AdvancedSorters/,,vim-advanced-sorters
https://github.com/junegunn/vim-after-object/,,
https://github.com/danilo-augusto/vim-afterglow/,,
https://github.com/msuperdock/vim-agda/,,
https://github.com/vim-airline/vim-airline/,,
https://github.com/enricobacis/vim-airline-clock/,,
https://github.com/vim-airline/vim-airline-themes/,,
https://github.com/Konfekt/vim-alias/,,
https://github.com/hsanson/vim-android/,,
https://github.com/osyo-manga/vim-anzu/,,
https://github.com/ThePrimeagen/vim-apm/,,
https://github.com/PeterRincker/vim-argumentative/,,
https://github.com/FooSoft/vim-argwrap/,,
https://github.com/haya14busa/vim-asterisk/,,
https://github.com/wuelnerdotexe/vim-astro/,,
https://github.com/hura/vim-asymptote/,,
https://github.com/907th/vim-auto-save/,,
https://github.com/vim-autoformat/vim-autoformat/,,
https://github.com/benizi/vim-automkdir/,,
https://github.com/jenterkin/vim-autosource/,,
https://github.com/gioele/vim-autoswap/,,
https://github.com/bazelbuild/vim-bazel/,,
https://github.com/moll/vim-bbye/,,
https://github.com/ThePrimeagen/vim-be-good/,,
https://github.com/nathangrigg/vim-beancount/,,
https://github.com/sheoak/vim-bepoptimist/,,
https://github.com/ntpeters/vim-better-whitespace/,,
https://github.com/MattesGroeger/vim-bookmarks/,,
https://github.com/gyim/vim-boxdraw/,,
https://github.com/ConradIrwin/vim-bracketed-paste/,,
https://github.com/mtikekar/vim-bsv/,,
https://github.com/jeetsukumaran/vim-buffergator/,,
https://github.com/bling/vim-bufferline/,,
https://github.com/qpkorr/vim-bufkill/,,
https://github.com/isobit/vim-caddyfile/,,
https://github.com/tpope/vim-capslock/,,
https://github.com/kristijanhusak/vim-carbon-now-sh/,,
https://github.com/m-pilia/vim-ccls/,,
https://github.com/t9md/vim-choosewin/,,
https://github.com/rhysd/vim-clang-format/,,
https://github.com/guns/vim-clojure-highlight/,,
https://github.com/guns/vim-clojure-static/,,
https://github.com/rstacruz/vim-closer/,,
https://github.com/alvan/vim-closetag/,,
https://github.com/vhdirk/vim-cmake/,,
https://github.com/tomasiser/vim-code-dark/,,
https://github.com/google/vim-codefmt/,,
https://github.com/kchmck/vim-coffee-script/,,
https://github.com/kalbasit/vim-colemak/,,
https://github.com/altercation/vim-colors-solarized/,,
https://github.com/flazz/vim-colorschemes/,,
https://github.com/jonbri/vim-colorstepper/,,
https://github.com/tpope/vim-commentary/,,
https://github.com/luan/vim-concourse/,,
https://github.com/romainl/vim-cool/,,
https://github.com/octol/vim-cpp-enhanced-highlight/,,
https://github.com/mhinz/vim-crates/,,
https://github.com/vim-crystal/vim-crystal/,,
https://github.com/OrangeT/vim-csharp/,,
https://github.com/ap/vim-css-color/,,
https://github.com/jjo/vim-cue/,,
https://github.com/itchyny/vim-cursorword/,,
https://github.com/ehamberg/vim-cute-python/,,
https://github.com/tpope/vim-dadbod/,,
https://github.com/kristijanhusak/vim-dadbod-completion/,,
https://github.com/kristijanhusak/vim-dadbod-ui/,,
https://github.com/sunaku/vim-dasht/,,
https://github.com/ajmwagar/vim-deus/,,
https://github.com/ryanoasis/vim-devicons/,,
https://github.com/jeffkreeftmeijer/vim-dim/,,
https://github.com/blueyed/vim-diminactive/,,
https://github.com/will133/vim-dirdiff/,,
https://github.com/justinmk/vim-dirvish/,,
https://github.com/kristijanhusak/vim-dirvish-git/,,
https://github.com/tpope/vim-dispatch/,,
https://github.com/radenling/vim-dispatch-neovim/,,
https://github.com/jhradilek/vim-docbk/,,
https://github.com/jhradilek/vim-snippets/,,vim-docbk-snippets
https://github.com/tpope/vim-dotenv/,,
https://github.com/junegunn/vim-easy-align/,,
https://github.com/zhou13/vim-easyescape/,,
https://github.com/neoclide/vim-easygit/,,
https://github.com/easymotion/vim-easymotion/,,
https://github.com/xolox/vim-easytags/,,
https://github.com/justincampbell/vim-eighties/,,
https://github.com/elixir-editors/vim-elixir/,,
https://github.com/andys8/vim-elm-syntax/,,
https://github.com/kentarosasaki/vim-emacs-bindings/,,
https://github.com/junegunn/vim-emoji/,,
https://github.com/tpope/vim-endwise/,,
https://github.com/Olical/vim-enmasse/,,
https://github.com/vim-erlang/vim-erlang-compiler/,,
https://github.com/vim-erlang/vim-erlang-omnicomplete/,,
https://github.com/vim-erlang/vim-erlang-runtime/,,
https://github.com/vim-erlang/vim-erlang-tags/,,
https://github.com/tpope/vim-eunuch/,,
https://github.com/tommcdo/vim-exchange/,,
https://github.com/terryma/vim-expand-region/,,
https://github.com/int3/vim-extradite/,,
https://github.com/lambdalisue/vim-fern/,,
https://github.com/wsdjeg/vim-fetch/,,
https://github.com/fadein/vim-figlet/,,
https://github.com/tpope/vim-fireplace/,,
https://github.com/dag/vim-fish/,,
https://github.com/tpope/vim-flagship/,,
https://github.com/nvie/vim-flake8/,,
https://github.com/dcharbon/vim-flatbuffers/,,
https://github.com/voldikss/vim-floaterm/,,
https://github.com/rbong/vim-flog/,,
https://github.com/thosakwe/vim-flutter/,,
https://github.com/thinca/vim-ft-diff_fold/,,
https://github.com/tommcdo/vim-fubitive/,,
https://github.com/tpope/vim-fugitive/,,
https://github.com/maxjacobson/vim-fzf-coauthorship/,,
https://github.com/HealsCodes/vim-gas/,,
https://github.com/ruanyl/vim-gh-line/,,
https://github.com/raghur/vim-ghost/,,
https://github.com/lambdalisue/vim-gina/,,
https://github.com/mattn/vim-gist/,,
https://github.com/lambdalisue/vim-gista/,,
https://github.com/tpope/vim-git/,,
https://github.com/itchyny/vim-gitbranch/,,
https://github.com/airblade/vim-gitgutter/,,
https://github.com/junegunn/vim-github-dashboard/,,
https://github.com/tikhomirov/vim-glsl/,,
https://github.com/jamessan/vim-gnupg/,,
https://github.com/fatih/vim-go/,,
https://github.com/habamax/vim-godot/,,
https://github.com/rhysd/vim-grammarous/,,
https://github.com/jparise/vim-graphql/,,
https://github.com/mhinz/vim-grepper/,,
https://github.com/lifepillar/vim-gruvbox8/,,
https://github.com/brennanfee/vim-gui-position/,,
https://github.com/ludovicchabant/vim-gutentags/,,
https://github.com/habamax/vim-habamax/,,
https://github.com/takac/vim-hardtime/,,
https://github.com/chkno/vim-haskell-module-name/,,
https://github.com/enomsg/vim-haskellConcealPlus/,,
https://github.com/twinside/vim-haskellconceal/,,
https://github.com/jvirtanen/vim-hcl/,,
https://github.com/bitc/vim-hdevtools/,,
https://github.com/towolf/vim-helm/,,
https://github.com/RRethy/vim-hexokinase/,,
https://github.com/jceb/vim-hier/,,
https://github.com/machakann/vim-highlightedyank/,,
https://github.com/alx741/vim-hindent/,,
https://github.com/GEverding/vim-hocon/,,
https://github.com/Twinside/vim-hoogle/,,
https://github.com/ntk148v/vim-horizon/,,
https://github.com/jonsmithers/vim-html-template-literals/,,
https://github.com/humanoid-colors/vim-humanoid-colorscheme/,,
https://github.com/vim-utils/vim-husk/,,
https://github.com/w0ng/vim-hybrid/,,
https://github.com/kristijanhusak/vim-hybrid-material/,,
https://github.com/noc7c9/vim-iced-coffee-script/,,
https://github.com/RRethy/vim-illuminate/,,
https://github.com/preservim/vim-indent-guides/,,
https://github.com/michaeljsmith/vim-indent-object/,,
https://github.com/jeetsukumaran/vim-indentwise/,,
https://github.com/henrik/vim-indexed-search/,,
https://github.com/ivanov/vim-ipython/,,
https://github.com/fisadev/vim-isort/,,
https://github.com/clojure-vim/vim-jack-in/,,
https://github.com/mhinz/vim-janah/,,
https://github.com/artur-shaik/vim-javacomplete2/,,
https://github.com/pangloss/vim-javascript/,,
https://github.com/jelera/vim-javascript-syntax/,,
https://github.com/tani/vim-jetpack/,,
https://github.com/lepture/vim-jinja/,,
https://github.com/seirl/vim-jinja-languages/,,
https://github.com/avm99963/vim-jjdescription/,,
https://github.com/maksimr/vim-jsbeautify/,,
https://github.com/heavenshell/vim-jsdoc/,,
https://github.com/elzr/vim-json/,,
https://github.com/google/vim-jsonnet/,,
https://github.com/mogelbrod/vim-jsonpath/,,
https://github.com/MaxMEllon/vim-jsx-pretty/,,
https://github.com/peitalin/vim-jsx-typescript/,,
https://github.com/mroavi/vim-julia-cell/,,
https://github.com/NoahTheDuke/vim-just/,,
https://github.com/knubie/vim-kitty-navigator/,,
https://github.com/lark-parser/vim-lark-syntax/,,
https://github.com/farmergreg/vim-lastplace/,,
https://github.com/xuhdev/vim-latex-live-preview/,,
https://github.com/ludovicchabant/vim-lawrencium/,,
https://github.com/hecal3/vim-leader-guide/,,
https://github.com/mk12/vim-lean/,,
https://github.com/ledger/vim-ledger/,,
https://github.com/preservim/vim-lexical/,,
https://github.com/lfe-support/vim-lfe/,,
https://github.com/josa42/vim-lightline-coc/,,
https://github.com/tommcdo/vim-lion/,,
https://github.com/tpope/vim-liquid/,,
https://github.com/rhysd/vim-llvm/,,
https://github.com/embear/vim-localvimrc/,,
https://github.com/andreshazard/vim-logreview/,,
https://github.com/mlr-msft/vim-loves-dafny/,,
https://github.com/natebosch/vim-lsc/,,
https://github.com/prabirshrestha/vim-lsp/,,
https://github.com/rhysd/vim-lsp-ale/,,
https://github.com/jackguo380/vim-lsp-cxx-highlight/,,
https://github.com/mattn/vim-lsp-settings/,,
https://github.com/thomasfaingnaert/vim-lsp-snippets/,,
https://github.com/thomasfaingnaert/vim-lsp-ultisnips/,,
https://github.com/tbastos/vim-lua/,,
https://github.com/google/vim-maktaba/,,
https://github.com/lambdalisue/vim-manpager/,,
https://github.com/Yilin-Yang/vim-markbar/,,
https://github.com/preservim/vim-markdown/,,
https://github.com/mzlogin/vim-markdown-toc/,,
https://github.com/leafOfTree/vim-matchtag/,,
https://github.com/andymass/vim-matchup/,,
https://github.com/aquach/vim-mediawiki-editor/,,
https://github.com/samoshkin/vim-mergetool/,,
https://github.com/idanarye/vim-merginal/,,
https://github.com/david-a-wheeler/vim-metamath/,,
https://github.com/xolox/vim-misc/,,
https://github.com/delroth/vim-molokai-delroth/,,
https://github.com/crusoexia/vim-monokai/,,
https://github.com/phanviet/vim-monokai-pro/,,
https://github.com/patstockwell/vim-monokai-tasty/,,
https://github.com/matze/vim-move/,,
https://github.com/lifepillar/vim-mucomplete/,,
https://github.com/terryma/vim-multiple-cursors/,,
https://github.com/simnalamburt/vim-mundo/,,
https://github.com/mustache/vim-mustache-handlebars/,,
https://github.com/tiagofumo/vim-nerdtree-syntax-highlight/,,
https://github.com/jistr/vim-nerdtree-tabs/,,
https://github.com/nfnty/vim-nftables/,,
https://github.com/kana/vim-niceblock/,,
https://github.com/nickel-lang/vim-nickel/,main,
https://github.com/tommcdo/vim-ninja-feet/,,
https://github.com/LnL7/vim-nix/,,
https://github.com/symphorien/vim-nixhash/,,
https://github.com/noahfrederick/vim-noctu/,,
https://github.com/fruit-in/vim-nong-theme/,,
https://github.com/jeffkreeftmeijer/vim-numbertoggle/,,
https://github.com/tpope/vim-obsession/,,
https://github.com/ocaml/vim-ocaml/,,
https://github.com/rakr/vim-one/,,
https://github.com/petRUShka/vim-opencl/,,
https://github.com/sirtaj/vim-openscad/,,
https://github.com/kana/vim-operator-replace/,,
https://github.com/rhysd/vim-operator-surround/,,
https://github.com/kana/vim-operator-user/,,
https://github.com/jceb/vim-orgmode/,,
https://github.com/sdiehl/vim-ormolu/,,
https://github.com/fcpg/vim-osc52/,,
https://github.com/ojroques/vim-oscyank/,,
https://github.com/osyo-manga/vim-over/,,
https://github.com/hashivim/vim-packer/,,
https://github.com/lambdalisue/vim-pager/,,
https://github.com/vim-pandoc/vim-pandoc/,,
https://github.com/vim-pandoc/vim-pandoc-after/,,
https://github.com/vim-pandoc/vim-pandoc-syntax/,,
https://github.com/yorickpeterse/vim-paper/,,
https://github.com/bhurlow/vim-parinfer/,,
https://github.com/ku1ik/vim-pasta/,,
https://github.com/tpope/vim-pathogen/,,
https://github.com/junegunn/vim-peekaboo/,,
https://github.com/preservim/vim-pencil/,,
https://github.com/MeF0504/vim-pets/,,
https://github.com/jparise/vim-phabricator/,,
https://github.com/justinj/vim-pico8-syntax/,,
https://github.com/junegunn/vim-plug/,,
https://github.com/powerman/vim-plugin-AnsiEsc/,,
https://github.com/hasundue/vim-pluto/,,
https://github.com/sheerun/vim-polyglot/,,
https://github.com/haya14busa/vim-poweryank/,,
https://github.com/prettier/vim-prettier/,,
https://github.com/thinca/vim-prettyprint/,,
https://github.com/meain/vim-printer/,,
https://github.com/prisma/vim-prisma/,,
https://github.com/tpope/vim-projectionist/,,
https://github.com/dhruvasagar/vim-prosession/,,
https://github.com/uarun/vim-protobuf/,,
https://github.com/PProvost/vim-ps1/,,
https://github.com/digitaltoad/vim-pug/,,
https://github.com/rodjek/vim-puppet/,,
https://github.com/Vimjas/vim-python-pep8-indent/,,
https://github.com/romainl/vim-qf/,,
https://github.com/romainl/vim-qlist/,,
https://github.com/peterhoeg/vim-qml/,,
https://github.com/thinca/vim-quickrun/,,
https://github.com/racer-rust/vim-racer/,,
https://github.com/wlangstroth/vim-racket/,,
https://github.com/tpope/vim-ragtag/,,
https://github.com/tpope/vim-rails/,,
https://github.com/jordwalke/vim-reasonml/,,
https://github.com/tpope/vim-repeat/,,
https://github.com/tpope/vim-rhubarb/,,
https://github.com/airblade/vim-rooter/,,
https://github.com/tpope/vim-rsi/,,
https://github.com/vim-ruby/vim-ruby/,,
https://github.com/tpope/vim-salve/,,
https://github.com/machakann/vim-sandwich/,,
https://github.com/mhinz/vim-sayonara/,7e774f58c5865d9c10d40396850b35ab95af17c5,
https://github.com/derekwyatt/vim-scala/,,
https://github.com/thinca/vim-scouter/,,
https://github.com/tpope/vim-scriptease/,,
https://github.com/inside/vim-search-pulse/,,
https://github.com/tpope/vim-sensible/,,
https://github.com/Konfekt/vim-sentence-chopper/,,
https://github.com/guns/vim-sexp/,,
https://github.com/tpope/vim-sexp-mappings-for-regular-people/,,
https://github.com/itspriddle/vim-shellcheck/,,
https://github.com/kshenoy/vim-signature/,,
https://github.com/mhinz/vim-signify/,,
https://github.com/sile-typesetter/vim-sile/,,
https://github.com/ivalkeen/vim-simpledb/,,
https://github.com/junegunn/vim-slash/,,
https://github.com/tpope/vim-sleuth/,,
https://github.com/jpalardy/vim-slime/,,
https://github.com/mzlogin/vim-smali/,,
https://github.com/t9md/vim-smalls/,,
https://github.com/Industrial/vim-smartbd/,,
https://github.com/Industrial/vim-smartbw/,,
https://github.com/psliwka/vim-smoothie/,,
https://github.com/bohlender/vim-smt2/,,
https://github.com/justinmk/vim-sneak/,,
https://github.com/garbas/vim-snipmate/,,
https://github.com/honza/vim-snippets/,,
https://github.com/lifepillar/vim-solarized8/,,
https://github.com/tomlion/vim-solidity/,,
https://github.com/christoomey/vim-sort-motion/,,
https://github.com/tpope/vim-speeddating/,,
https://github.com/kbenzie/vim-spirv/,,
https://github.com/yorokobi/vim-splunk/,,
https://github.com/mhinz/vim-startify/,,
https://github.com/dstein64/vim-startuptime/,,
https://github.com/axelf4/vim-strip-trailing-whitespace/,,
https://github.com/nbouscal/vim-stylish-haskell/,,
https://github.com/alx741/vim-stylishask/,,
https://github.com/lunacookies/vim-substrata/,,
https://github.com/svermeulen/vim-subversive/,,
https://github.com/lambdalisue/vim-suda/,,
https://github.com/tpope/vim-surround/,,
https://github.com/evanleck/vim-svelte/,,
https://github.com/machakann/vim-swap/,,
https://github.com/TabbyML/vim-tabby/,,
https://github.com/dhruvasagar/vim-table-mode/,,
https://github.com/kana/vim-tabpagecd/,,
https://github.com/tpope/vim-tbone/,,
https://github.com/teal-language/vim-teal/,,
https://github.com/erietz/vim-terminator/,,
https://github.com/hashivim/vim-terraform/,,
https://github.com/juliosueiras/vim-terraform-completion/,,
https://github.com/vim-test/vim-test/,,
https://github.com/glts/vim-textobj-comment/,,
https://github.com/kana/vim-textobj-entire/,,
https://github.com/kana/vim-textobj-function/,,
https://github.com/gibiansky/vim-textobj-haskell/,,
https://github.com/osyo-manga/vim-textobj-multiblock/,,
https://github.com/kana/vim-textobj-user/,,
https://github.com/Julian/vim-textobj-variable-segment/,,
https://github.com/thinca/vim-themis/,,
https://github.com/tmux-plugins/vim-tmux/,,
https://github.com/roxma/vim-tmux-clipboard/,,
https://github.com/tmux-plugins/vim-tmux-focus-events/,,
https://github.com/christoomey/vim-tmux-navigator/,,
https://github.com/milkypostman/vim-togglelist/,,
https://github.com/cespare/vim-toml/,,
https://github.com/vimpostor/vim-tpipeline/,,
https://github.com/bronson/vim-trailing-whitespace/,,
https://github.com/tridactyl/vim-tridactyl/,,
https://github.com/ianks/vim-tsx/,,
https://github.com/lumiliet/vim-twig/,,
https://github.com/sodapopcan/vim-twiggy/,,
https://github.com/rcarriga/vim-ultest/,,
https://github.com/arthurxavierx/vim-unicoder/,,
https://github.com/tpope/vim-unimpaired/,,
https://github.com/hashivim/vim-vagrant/,,
https://github.com/tpope/vim-vinegar/,,
https://github.com/triglav/vim-visual-increment/,,
https://github.com/mg979/vim-visual-multi/,,
https://github.com/bronson/vim-visual-star-search/,,
https://github.com/thinca/vim-visualstar/,,
https://github.com/ngemily/vim-vp4/,,
https://github.com/hrsh7th/vim-vsnip/,,
https://github.com/hrsh7th/vim-vsnip-integ/,,
https://github.com/posva/vim-vue/,,
https://github.com/leafOfTree/vim-vue-plugin/,,
https://github.com/wakatime/vim-wakatime/,,
https://github.com/osyo-manga/vim-watchdogs/,,
https://github.com/jasonccox/vim-wayland-clipboard/,,
https://github.com/liuchengxu/vim-which-key/,,
https://github.com/wesQ3/vim-windowswap/,,
https://github.com/chaoren/vim-wordmotion/,,
https://github.com/preservim/vim-wordy/,,
https://github.com/joonty/vim-xdebug/,,
https://github.com/lyokha/vim-xkbswitch/,,
https://github.com/mg979/vim-xtabline/,,
https://github.com/stephpy/vim-yaml/,,
https://github.com/simonrw/vim-yapf/,,
https://github.com/michal-h21/vim-zettel/,,
https://github.com/marrub--/vim-zscript/,,
https://github.com/dag/vim2hs/,,
https://github.com/monkoose/vim9-stargate/,,
https://github.com/dominikduda/vim_current_word/,,
https://github.com/andrep/vimacs/,,
https://github.com/TaDaa/vimade/,,
https://github.com/jreybert/vimagit/,,
https://github.com/gotcha/vimelette/,,
https://github.com/Shougo/vimfiler.vim/,,
https://github.com/vimoutliner/vimoutliner/,,
https://github.com/tex/vimpreviewpandoc/,,
https://github.com/Shougo/vimproc.vim/,,
https://github.com/vimsence/vimsence/,,
https://github.com/Shougo/vimshell.vim/,,
https://github.com/puremourning/vimspector/,,
https://github.com/lervag/vimtex/,,
https://github.com/preservim/vimux/,,
https://github.com/vimwiki/vimwiki/,,
https://github.com/lukas-reineke/virt-column.nvim/,,
https://github.com/jubnzv/virtual-types.nvim/,,
https://github.com/vim-scripts/vis/,,
https://github.com/navicore/vissort.vim/,,
https://github.com/liuchengxu/vista.vim/,,
https://github.com/Mofiqul/vscode.nvim/,,
https://github.com/dylanaraps/wal.vim/,,
https://github.com/mattn/webapi-vim/,,
https://github.com/willothy/wezterm.nvim/,,
https://github.com/DingDean/wgsl.vim/,,
https://github.com/folke/which-key.nvim/,,
https://github.com/johnfrankmorgan/whitespace.nvim/,,
https://github.com/lervag/wiki-ft.vim/,,
https://github.com/lervag/wiki.vim/,,
https://github.com/gelguy/wilder.nvim/,,
https://github.com/gcmt/wildfire.vim/,,
https://github.com/fgheng/winbar.nvim/,main,
https://github.com/anuvyklack/windows.nvim/,,
https://github.com/sindrets/winshift.nvim/,,
https://github.com/wannesm/wmgraphviz.vim/,,
https://github.com/vim-scripts/wombat256.vim/,,
https://github.com/lukaszkorecki/workflowish/,,
https://github.com/andrewferrier/wrapping.nvim/,,
https://github.com/tweekmonster/wstrip.vim/,,
https://github.com/piersolenski/wtf.nvim/,,
https://github.com/drmingdrmer/xptemplate/,,
https://github.com/guns/xterm-color-table.vim/,,
https://github.com/gbprod/yanky.nvim/,,
https://github.com/HerringtonDarkholme/yats.vim/,,
https://github.com/mikavilpas/yazi.nvim/,,
https://github.com/lucasew/yescapsquit.vim/,,
https://github.com/elkowar/yuck.vim/,,
https://github.com/fsharp/zarchive-vim-fsharp/,,
https://github.com/KabbAmine/zeavim.vim/,,
https://github.com/swaits/zellij-nav.nvim/,,
https://github.com/Lilja/zellij.nvim/,,
https://github.com/folke/zen-mode.nvim/,,
https://github.com/zenbones-theme/zenbones.nvim/,,
https://github.com/jnurmine/zenburn/,,
https://github.com/nvimdev/zephyr-nvim/,,
https://github.com/ziglang/zig.vim/,,
https://github.com/zk-org/zk-nvim/,,
https://github.com/troydm/zoomwintab.vim/,,
https://github.com/jalvesaq/zotcite/,,
https://github.com/nanotee/zoxide.vim/,,
